<?xml version="1.0" encoding="UTF-8"?><portlet-app xmlns="http://java.sun.com/xml/ns/portlet/portlet-app_2_0.xsd" id="com.portalpagos.realizarpagofactv2.portlet.RealizarPagoFactV2Portlet.0d4211f275" version="2.0" xmlns:xsi="http://www.w3.org/2001/XMLSchema-instance" xsi:schemaLocation="http://java.sun.com/xml/ns/portlet/portlet-app_2_0.xsd http://java.sun.com/xml/ns/portlet/portlet-app_2_0.xsd">
	<portlet>
		<portlet-name>Portal de Pagos - RealizarPagoFactV2 - (JSR 286)</portlet-name>
		<display-name xml:lang="en">Portal de Pagos - RealizarPagoFactV2 - (JSR 286)</display-name>
		<display-name xml:lang="es">Portal de Pagos - RealizarPagoFactV2 - (JSR 286)</display-name>
		<display-name>Portal de Pagos - RealizarPagoFactV2 - (JSR 286)</display-name>
		<portlet-class>com.portalpagos.realizarpagofact.portlet.RealizarPagoFactV2Portlet</portlet-class>
		<init-param>
			<name>wps.markup</name>
			<value>html</value>
		</init-param>
		<expiration-cache>0</expiration-cache>
		<supports>
			<mime-type>text/html</mime-type>
			<portlet-mode>view</portlet-mode>
		</supports>
		<supported-locale>es</supported-locale>
		<supported-locale>en</supported-locale>
		<resource-bundle>com.portalpagos.realizarpagofact.portlet.nl.RealizarPagoFactV2PortletResource</resource-bundle>
		<portlet-info>
			<title>Portal de Pagos - RealizarPagoFactV2 - (JSR 286)</title>
			<short-title>Portal de Pagos - RealizarPagoFactV2 - (JSR 286)</short-title>
			<keywords>Portal de Pagos - RealizarPagoFactV2 - (JSR 286)</keywords>
		</portlet-info>
		<portlet-preferences>
			<preference>
				<name>urlHome</name>
				<value>/wps/portal/portal-de-pagos/</value>
			</preference>
			<preference>
				<name>urlImagenes</name>
				<value>https://www.pagosaval.com/imagesebpp/</value>
			</preference>
			<preference>
				<name>pathReferenceFacturadores</name>
				<value>/PortalPagosAval/asContenidosFormularios/contRealizarPagoFacturadores</value>
			</preference>
			<preference>
				<name>urlRetornoPasarela</name>
				<value>https://wpsmed25.pragma.com.co:8445/wps/portal/portal-de-pagos/web/pagos-aval/resultado-busqueda/realizar-pago/pasarela-pagos/comprobante-pago</value>
			</preference>
			<preference>
				<name>TituloError</name>
				<value>Error</value>
			</preference>
			<preference>
				<name>bankName</name>
				<value>Aval</value>
			</preference>
			<preference>
				<name>pagina-origen</name>
				<value>Realizar Pago Facturadores</value>
			</preference>
			<preference>
				<name>path-TerminosYCondiciones</name>
				<value>/PortalPagosAval/asContenidosFormularios/contTerminosCondicionesPago</value>
			</preference>
			<preference>
				<name>bankId</name>
                <value>00089898</value>
			</preference>
			<preference>
				<name>pathErroresTecnicos</name>
				<value>/PortalPagosAval/ContenidosTransversales/asErroresTecnicos/</value>
			</preference>
            <preference>
                <name>nombreBaseImgConvenio</name>
                <value>contImagenConvenio</value>
            </preference>
            <preference>
                <name>path-imagenConv</name>
                <value>/LogosConvenios/asPagosAval/asQuePuedoPagarConvenios/</value>
            </preference>
		</portlet-preferences>
		 <supported-processing-event>
            <name>responseEventPagarFact</name>
        </supported-processing-event>
        <supported-publishing-event>
        	<name>requestEventPagoAgilFact</name>
        </supported-publishing-event>
	</portlet>
	<default-namespace>http://RealizarPagoFactV2/</default-namespace>
	<event-definition>
		<name>responseEventPagarFact</name>
		<value-type>java.lang.String</value-type>
	</event-definition>
	<event-definition>
		<name>requestEventPagoAgilFact</name>
		<value-type>java.lang.String</value-type>
	</event-definition>
</portlet-app>